Metric,At_Risk_Mean,Thriving_Mean,Difference,Pct_Difference
Historical_CGPA_last,1.7591578947368423,3.0450908244061483,-1.285932929669306,-42.22970688961594
Historical_GPA_mean,1.6706798001580183,3.0155103782900414,-1.3448305781320231,-44.59711323874187
GPA_Slope,0.12305512052747822,0.2727914311530342,-0.149736310625556,-54.890401063057915
Historical_Fail_pct,47.279548498449905,8.03908943067244,39.240459067777465,488.12069334692234
Historical_A_pct,1.7725697048830464,21.70636241485344,-19.933792709970394,-91.8338703141246
Historical_courses_taken,17.621052631578948,23.022356776897997,-5.401304145319049,-23.461126059600634
Semesters_completed,1.7789473684210526,1.872380065207266,-0.09343269678621335,-4.990049751243783
