Model,Train_Acc,Val_Acc,Val_Precision,Val_Recall,Val_F1,Val_F2,Val_ROC_AUC,Test_Acc,Test_Precision,Test_Recall,Test_F1,Test_F2,Test_ROC_AUC
Logistic Regression,0.9353891336270191,0.9374325782092773,0.41836734693877553,0.9761904761904762,0.5857142857142857,0.7706766917293233,0.9897497982243746,0.7698412698412699,0.14285714285714285,0.96,0.24870466321243523,0.44776119402985076,0.9495371900826446
Decision Tree,0.8986784140969163,0.9212513484358145,0.36283185840707965,0.9761904761904762,0.5290322580645161,0.7295373665480427,0.9760156039817057,0.6634920634920635,0.10212765957446808,0.96,0.18461538461538463,0.3582089552238806,0.932297520661157
Random Forest,0.947136563876652,0.9525350593311759,0.4880952380952381,0.9761904761904762,0.6507936507936508,0.8134920634920635,0.9914178100618778,0.8928571428571429,0.2598870056497175,0.92,0.4052863436123348,0.610079575596817,0.9666115702479339
Gradient Boosting,0.9985315712187959,0.982740021574973,0.8095238095238095,0.8095238095238095,0.8095238095238095,0.8095238095238095,0.9904761904761904,0.8738095238095238,0.18857142857142858,0.66,0.29333333333333333,0.44,0.8873719008264462
XGBoost,0.9985315712187959,0.9838187702265372,0.8,0.8571428571428571,0.8275862068965517,0.8450704225352113,0.994269572235674,0.8523809523809524,0.17307692307692307,0.72,0.27906976744186046,0.4411764705882353,0.916495867768595
